Protein,Gene,Peptide,Residue.Both,p,FC
sp|P10451|OSTP_HUMAN,SPP1,R.KANDES.NEHS.DVIDSQELSK.V,S254;S258,2.94326E-05,1.820094312
sp|Q9H1E3|NUCKS_HUMAN,NUCKS1,K.DDS.HS.AEDSEDEKEDHK.N,S73;S75,0.00010388,1.688308334
sp|P10451|OSTP_HUMAN,SPP1,R.KANDES.NEHS.DVIDSQELSKVSR.E,S254;S258,0.000281165,1.671055377
sp|P10451|OSTP_HUMAN,SPP1,R.KANDESNEHS.DVIDSQELSK.V,S258,9.61172E-05,1.666388163
sp|P10451|OSTP_HUMAN,SPP1,K.DS.YETSQLDDQSAETHSHK.Q,S224,0.000682777,1.651209685
sp|P10451|OSTP_HUMAN,SPP1,R.KANDES.NEHSDVIDSQELSK.V,S254,0.000126416,1.637987339
sp|P10451|OSTP_HUMAN,SPP1,R.KANDESNEHS.DVIDSQELS.K.V,S258;S267,0.000150662,1.603639911
sp|P10451|OSTP_HUMAN,SPP1,K.DSYETSQLDDQSAETHS.HK.Q,S239,0.000282703,1.603637788
sp|P10451|OSTP_HUMAN,SPP1,R.KANDESNEHSDVIDS.QELS.K.V,S263;S267,0.001618177,1.603455264
sp|Q9H1E3|NUCKS_HUMAN,NUCKS1,K.DDSHS.AEDS.EDEKEDHK.N,S75;S79,0.000556809,1.533541615
sp|P04792|HSPB1_HUMAN,HSPB1,R.ALS.RQLSSGVSEIR.H,S78,0.043040415,1.452663222
sp|P10451|OSTP_HUMAN,SPP1,R.KANDESNEHSDVIDSQELS.K.V,S267,0.002165052,1.440766852
sp|P10451|OSTP_HUMAN,SPP1,R.ISHELDS.ASSEVN..,S308,0.002080143,1.425728832
sp|Q6IQ19|CCSAP_HUMAN,CCSAP,K.AVKS.PQR.S,S169,0.002280877,1.412993293
sp|Q9H1E3|NUCKS_HUMAN,NUCKS1,K.KDDSHSAEDS.EDEKEDHK.N,S79,0.003242042,1.399556453
sp|P10451|OSTP_HUMAN,SPP1,R.RPDIQYPDAT.DEDITSHM.ESEELNGAYK.A,T185,0.00254099,1.386493465
sp|Q969E4|TCAL3_HUMAN,TCEAL3,K.NEGNLENEGKPEDEVEPDDEGKS.DEEEKPDVEGK.T,S30,0.01031721,1.384589642
sp|P12036|NFH_HUMAN,NEFH,K.S.PAEAKSPEK.A,S526,0.018572792,1.379555865
sp|Q9H1E3|NUCKS_HUMAN,NUCKS1,K.DDSHS.AEDS.EDEK.E,S75;S79,0.019022718,1.370022247
sp|P52943|CRIP2_HUMAN,CRIP2,K.GVNT.GAVGSYIYDRDPEGK.V,T190,0.004170383,1.368688103
sp|P10451|OSTP_HUMAN,SPP1,K.QNLLAPQNAVSSEETNDFKQETLPS.K.S,S76,0.008593444,1.365578867
sp|P12036|NFH_HUMAN,NEFH,K.EAKS.PVKEEAK.S,S518,0.023339994,1.359800993
sp|P12036|NFH_HUMAN,NEFH,K.S.PVKEEAKSPEK.A,S702,0.020900399,1.356619736
sp|P07197|NFM_HUMAN,NEFM,K.SPVS.KSPVEEK.A,S670,0.014211304,1.355289064
sp|Q9H1E3|NUCKS_HUMAN,NUCKS1,K.DDSHSAEDS.EDEKEDHK.N,S79,0.000235788,1.347622006
sp|Q8WXD9|CSKI1_HUMAN,CASKIN1,R.RASDLAGSVDTGSAGS.VK.S,S1000,0.00384685,1.335703441
sp|Q9H1E3|NUCKS_HUMAN,NUCKS1,K.VVDY.SQFQESDDADEDYGR.D,Y13,0.000863963,1.334528632
sp|P12036|NFH_HUMAN,NEFH,K.SPTKEEAKS.PEK.A,S648,0.028506779,1.333964958
sp|P10451|OSTP_HUMAN,SPP1,R.RPDIQYPDATDEDITSHM.ESEELNGAY.K.A,Y202,0.010880781,1.331403715
sp|P02686|MBP_HUMAN,MBP,K.NIVTPRTPPPS.QGK.G,S236,0.018741806,1.330913295
sp|P12036|NFH_HUMAN,NEFH,K.SPAEAKS.PEK.A,S532,0.011059403,1.329682735
sp|P10451|OSTP_HUMAN,SPP1,K.AIPVAQDLNAPSDWDS.RGK.D,S219,0.010724227,1.328142702
sp|P10451|OSTP_HUMAN,SPP1,R.RPDIQY.PDATDEDITSHM.ESEELNGAYK.A,Y181,0.00642994,1.318271617
sp|Q9H1E3|NUCKS_HUMAN,NUCKS1,K.KDDSHS.AEDS.EDEK.E,S75;S79,0.041332519,1.313000644
sp|P12036|NFH_HUMAN,NEFH,K.AKS.PAKEEAK.S,S552,0.030541579,1.312350105
sp|P12036|NFH_HUMAN,NEFH,K.EEEGKEEEGGEEEEAEGGEEETKSPPAEEAAS.PEK.E,S511,0.018989637,1.306877473
sp|Q9H1E3|NUCKS_HUMAN,NUCKS1,K.KDDS.HS.AEDSEDEK.E,S73;S75,0.032080537,1.306354149
sp|P10451|OSTP_HUMAN,SPP1,K.QNLLAPQNAVS.SEETNDFKQETLPSK.S,S62,0.015349662,1.302969058
sp|P10451|OSTP_HUMAN,SPP1,K.ANDES.NEHSDVIDSQELSK.V,S254,0.013068964,1.302622039
sp|Q9H1E3|NUCKS_HUMAN,NUCKS1,K.KTSTSPPPEKS.GDEGS.EDEAPSGED..,S229;S234,0.006091631,1.301342487
sp|P12036|NFH_HUMAN,NEFH,K.EEEGKEEEGGEEEEAEGGEEET.KSPPAEEAASPEK.E,T501,0.023956965,1.299322908
sp|Q9H1E3|NUCKS_HUMAN,NUCKS1,K.TKKDDS.HS.AEDSEDEK.E,S73;S75,0.045295966,1.298596627
sp|P12036|NFH_HUMAN,NEFH,K.SPVKEEAKS.PEK.A,S710,0.019018334,1.296374027
sp|Q96RK0|CIC_HUMAN,CIC,R.AAS.EDM.TSDEER.M,S431,0.000575239,1.294483092
sp|P12036|NFH_HUMAN,NEFH,K.SPVKEEVKS.PEK.A,S801,0.03692752,1.2940765
sp|P12036|NFH_HUMAN,NEFH,K.SPPEAKS.PEKEEAK.S,S566,0.027735301,1.291345035
sp|Q9H1E3|NUCKS_HUMAN,NUCKS1,K.TPS.PKEEDEEPES.PPEK.K,S204;S214,0.006564038,1.287441804
sp|Q9H1E3|NUCKS_HUMAN,NUCKS1,K.TPS.PKEEDEEPESPPEKK.T,S204,0.001047078,1.285162191
sp|P10451|OSTP_HUMAN,SPP1,K.AIPVAQDLNAPS.DWDSR.G,S215,0.000143835,1.284407054
sp|Q9H1E3|NUCKS_HUMAN,NUCKS1,K.TPSPKEEDEEPES.PPEKK.T,S214,0.001672465,1.284307082
sp|P07197|NFM_HUMAN,NEFM,K.SPVPKS.PVEEAK.S,S685,0.023787429,1.282218351
sp|P10451|OSTP_HUMAN,SPP1,K.AIPVAQDLNAPS.DWDSRGK.D,S215,0.010045037,1.278221641
sp|P12036|NFH_HUMAN,NEFH,K.EEEGKEEEGGEEEEAEGGEEETKS.PPAEEAASPEK.E,S503,0.009854405,1.275943595
sp|P12036|NFH_HUMAN,NEFH,K.SPAEAKS.PEKEEAK.S,S532,0.041945506,1.275822575
sp|P10636|TAU_HUMAN,MAPT,K.IGSLDNIT.HVPGGGNK.K,T678,0.007240458,1.275141105
sp|P07197|NFM_HUMAN,NEFM,K.SPVSKS.PVEEK.A,S672,0.032691643,1.272103968
sp|P78559|MAP1A_HUMAN,MAP1A,R.TEAREES.EPEVKEDVIEK.A,S644,0.003678494,1.269625857
sp|P51858|HDGF_HUMAN,HDGF,K.KGNAEGS.S.DEEGK.L,S132;S133,0.008922244,1.268722033
sp|Q9H1E3|NUCKS_HUMAN,NUCKS1,K.TPSPKEEDEEPES.PPEK.K,S214,0.000368392,1.267476131
sp|Q9H1E3|NUCKS_HUMAN,NUCKS1,K.KDDSHSAEDS.EDEK.E,S79,0.007365254,1.266454003
sp|P12036|NFH_HUMAN,NEFH,K.SPVKEEAKT.PEK.A,T738,0.029426085,1.261738881
sp|Q9H1E3|NUCKS_HUMAN,NUCKS1,K.DDSHSAEDS.EDEK.E,S79,0.020852391,1.260116698
sp|Q13875|MOBP_HUMAN,MOBP,R.SS.PLRGPGASR.G,S163,0.049074082,1.259133938
sp|Q9H1E3|NUCKS_HUMAN,NUCKS1,K.EEDEEPES.PPEK.K,S214,0.000532485,1.255745325
sp|O95218|ZRAB2_HUMAN,ZRANB2,R.ENVEYIEREESDGEY.DEFGRK.K,Y124,0.015409135,1.254281391
sp|Q9H8T0|AKTIP_HUMAN,AKTIP,K.TLT.GDVKTSPPR.T,T24,0.016385421,1.249927662
sp|O95218|ZRAB2_HUMAN,ZRANB2,K.YNLDASEEEDS.NK.K,S193,0.041001966,1.248988588
sp|P07197|NFM_HUMAN,NEFM,K.SPVPKS.PVEEK.G,S620,0.028093416,1.248871206
sp|Q08170|SRSF4_HUMAN,SRSF4,R.GES.ENAGTNQETR.S,S431,0.000564617,1.248470752
sp|Q9NXH9|TRM1_HUMAN,TRMT1,R.GDQCCY.SHSPPTPR.V,Y622,0.004048766,1.242145184
sp|Q15746|MYLK_HUMAN,MYLK,K.SSTGSPTS.PLNAEK.L,S1779,0.016000205,1.241535028
sp|P12036|NFH_HUMAN,NEFH,K.SPAEVKS.PEK.A,S546,0.046221595,1.232179966
sp|Q9NTI5|PDS5B_HUMAN,PDS5B,R.MET.VSNASSSSNPSSPGR.I,T1154,0.00073743,1.232024581
sp|Q14980|NUMA1_HUMAN,NUMA1,K.APVPS.TCSSTFPEELSPPSHQAK.R,S158,0.031628075,1.231251768
sp|P10451-3|OSTP_HUMAN,SPP1,K.QNAVSSEETNDFKQETLPS.K.S,S49,0.04628391,1.22964836
sp|P10451|OSTP_HUMAN,SPP1,K.ANDESNEHSDVIDSQELS.K.V,S267,0.041233602,1.228159799
sp|O76070|SYUG_HUMAN,SNCG,K.EKEEVAEEAQS.GGD..,S124,0.00236848,1.22670205
sp|Q8IYB3|SRRM1_HUMAN,SRRM1,K.KETES.EAEDNLDDLEK.H,S874,0.011896607,1.22250122
sp|Q9H1E3|NUCKS_HUMAN,NUCKS1,K.EEDEEPES.PPEKK.T,S214,0.000501074,1.222046264
sp|Q9H6F5|CCD86_HUMAN,CCDC86,R.LGGLRPES.PESLTSVSR.T,S18,9.25613E-05,1.219613516
sp|Q14515|SPRL1_HUMAN,SPARCL1,K.ETAVSTEDDS.HHK.A,S64,0.008955464,1.216710067
sp|Q9BX66|SRBS1_HUMAN,SORBS1,R.SKS.EMSYIDGEK.V,S481,0.020694781,1.214192819
sp|P42167|LAP2B_HUMAN,TMPO,R.QNGS.NDSDRYSDNEEDSKIELK.L,S177,0.009757368,1.211132881
tr|B4DVR4|B4DVR4_HUMAN,NA,R.SPADPT.DLGGQTSPR.R,T270,0.022756346,1.209413156
sp|Q6ICG6|K0930_HUMAN,KIAA0930,R.SLVGS.WLK.L,S362,0.024322593,1.208943533
sp|Q5SSJ5|HP1B3_HUMAN,HP1BP3,R.TVNSTRET.PPK.S,T51,0.002756941,1.207771912
sp|Q96GW7|PGCB_HUMAN,BCAN,R.GAIYS.IPIM.EDGGGGSSTPEDPAEAPR.T,S407,0.001223278,1.203108587
sp|P10451|OSTP_HUMAN,SPP1,R.RPDIQY.PDAT.DEDITSHMESEELNGAYK.A,Y181;T185,0.026299845,1.2026489
sp|Q5SW79|CE170_HUMAN,CEP170,R.FPTDYAS.TSEDEFGSNRNSPK.H,S1239,0.008833116,1.195295185
sp|Q27J81|INF2_HUMAN,INF2,R.GARPPAAGPGGDEDEDEEDT.APESALDTSLDK.S,T1179,0.036395677,1.194616609
sp|P51608|MECP2_HUMAN,MECP2,R.SSSASS.PPKK.E,S360,0.005592059,1.193889017
sp|Q8IY17|PLPL6_HUMAN,PNPLA6,R.LFPS.PGLPTRTSPVR.G,S354,0.014549985,1.19368244
sp|O94921|CDK14_HUMAN,CDK14,R.VHS.ENNACINFK.T,S95,0.04392238,0.837468356
sp|Q8IZD0|SAM14_HUMAN,SAMD14,K.HEGFS.PK.K,S267,0.001240273,0.836681462
sp|Q01484|ANK2_HUMAN,ANK2,R.S.PQGLELALPSR.D,S2405,0.019196055,0.836366883
sp|P30874|SSR2_HUMAN,SSTR2,K.VSGTDDGERSDS.K.Q,S343,0.040638434,0.835785948
sp|Q8TF61|FBX41_HUMAN,FBXO41,K.EPSS.PEAQK.L,S840,0.026324247,0.834656566
sp|P80723|BASP1_HUMAN,BASP1,K.KAEGAATEEEGT.PKES.EPQAAAEPAEAK.E,T36;S40,0.030028693,0.834394372
sp|Q3KQU3|MA7D1_HUMAN,MAP7D1,K.ESAAPASPAPS.PAPSPTPAPPQK.E,S548,0.045431237,0.832751702
sp|Q8TF61|FBX41_HUMAN,FBXO41,R.RHS.T.EGEEGDVSDVGSR.T,S478;T479,0.007750046,0.832068222
sp|P40123|CAP2_HUMAN,CAP2,K.SHTPSPT.S.PK.S,T311;S312,0.029132142,0.831994397
sp|Q9UPA5|BSN_HUMAN,BSN,R.IADS.SVQTDDEDGESR.Y,S2583,0.00110125,0.831532766
sp|Q9Y2H0|DLGP4_HUMAN,DLGAP4,R.AT.QQSLGEQSNPR.R,T402,0.010648277,0.83143161
sp|Q96PU5|NED4L_HUMAN,NEDD4L,R.SLSSPTVTLS.APLEGAK.D,S455,0.007422534,0.82876169
sp|Q9H1V8|S6A17_HUMAN,SLC6A17,K.DIS.NLEENDETR.F,S665,0.025377201,0.828427258
sp|O15240|VGF_HUMAN,VGF,R.QNALLFAEEEDGEAGAEDKRS.QEETPGHR.R,S420,0.007446175,0.82792802
sp|Q9Y4F5|C170B_HUMAN,CEP170B,R.S.PQEGPTWSR.G,S772,0.027259537,0.825840179
sp|P08238|HS90B_HUMAN,HSP90AB1,K.EIS.DDEAEEEKGEKEEEDK.D,S226,0.021455887,0.825757695
sp|P05060|SCG1_HUMAN,CHGB,R.S.SQGGSLPSEEK.G,S293,0.015750142,0.825185464
sp|Q2MJR0|SPRE3_HUMAN,SPRED3,K.AS.PEAEEAAR.C,S288,0.004995921,0.82496848
sp|Q7L1I2|SV2B_HUMAN,SV2B,R.MDS.LRGQTDLMAER.L,S73,0.011577402,0.82385772
sp|Q8TDJ6|DMXL2_HUMAN,DMXL2,R.ES.EAGTGSSEHEDGER.E,S456,0.011934811,0.823418886
sp|Q9P1A6|DLGP2_HUMAN,DLGAP2,R.HS.EPS.TPTQYSAVR.T,S806;S809,0.003508904,0.821410475
sp|Q16623|STX1A_HUMAN,STX1A,R.KHSAILAS.PNPDEK.T,S64,0.002983106,0.819817649
sp|Q6DN90|IQEC1_HUMAN,IQSEC1,R.MQFS.FEGPEK.V,S180,0.010297513,0.817954051
sp|Q9BXF6|RFIP5_HUMAN,RAB11FIP5,R.SS.ISGSLPSSGSLQAVSSR.F,S357,0.040121926,0.816213427
sp|P21554|CNR1_HUMAN,CNR1,K.HANNAAS.VHR.A,S441,0.025319551,0.815218152
sp|Q8TDJ6|DMXL2_HUMAN,DMXL2,K.QVDHENDDADREDEEHS.QEDR.E,S434,0.015567804,0.81429676
sp|Q9Y2D5|AKAP2_HUMAN,AKAP2,R.DALGDS.LQVPVSPSSTTSSR.C,S146,0.003837538,0.813892789
sp|O75396|SC22B_HUMAN,SEC22B,R.NLGS.INTELQDVQR.I,S137,0.015271763,0.811473249
sp|Q8TF61|FBX41_HUMAN,FBXO41,R.RHS.TEGEEGDVSDVGSR.T,S478,0.010409186,0.807460039
sp|Q9NYF8|BCLF1_HUMAN,BCLAF1,R.YS.PSQNSPIHHIPSR.R,S285,0.002286317,0.80417204
sp|P46821|MAP1B_HUMAN,MAP1B,R.TT.KSPSDSGYSYETIGK.T,T1913,0.00828205,0.802093024
sp|Q7Z6J2|GRASP_HUMAN,TAMALIN,K.NLS.QSPEQQR.K,S92,0.007318319,0.801952093
sp|O60241|AGRB2_HUMAN,ADGRB2,R.LS.LDEDEEPK.S,S1275,0.000917203,0.800735508
sp|P11137|MTAP2_HUMAN,MAP2,K.DGS.PEAPASPER.E,S1347,0.004577662,0.791770806
sp|Q9NR30|DDX21_HUMAN,DDX21,K.KAEPS.EVDMNSPK.S,S65,0.020916815,0.790241053
sp|Q86UR5|RIMS1_HUMAN,RIMS1,R.S.LDEIHPTR.R,S977,0.033746203,0.782064317
sp|Q9Y4F5|C170B_HUMAN,CEP170B,R.AGS.FTGTSDPEAAPAR.T,S1179,0.014251131,0.780075264
sp|Q6DN90|IQEC1_HUMAN,IQSEC1,K.SLAES.IDDALNCR.S,S253,0.04956795,0.776400685
sp|Q9Y4F5|C170B_HUMAN,CEP170B,R.QES.FTK.E,S868,0.031002793,0.770995432
sp|Q86UR5|RIMS1_HUMAN,RIMS1,R.RHS.DVALPR.T,S391,0.015134238,0.766323749
sp|P17600|SYN1_HUMAN,SYN1,R.SS.GVAPAASPAAPSPGSSGGGGFFSSLSNAVK.Q,S55,0.011115842,0.764420596
sp|Q7Z4V5|HDGR2_HUMAN,HDGFL2,R.GPPS.SSDSEPEAELER.E,S395,0.030492891,0.763747456
sp|Q8IYB4|PEX5R_HUMAN,PEX5L,R.NHS.LEEEFER.A,S261,0.033714097,0.760781319
sp|Q01484|ANK2_HUMAN,ANK2,K.TPEEVST.PAEEEK.L,T3803,0.049025956,0.759781629
sp|Q9UPT6|JIP3_HUMAN,MAPK8IP3,K.SPT.TAGFSQR.R,T604,0.010429886,0.757968262
sp|P45974|UBP5_HUMAN,USP5,R.AT.NNSLER.A,T748,0.015238226,0.749078777
sp|Q9UQM7|KCC2A_HUMAN,CAMK2A,R.ST.VASCMHR.Q,T276,0.030967186,0.747356262
sp|P40123|CAP2_HUMAN,CAP2,K.SHTPS.PT.S.PK.S,S309;T311;S312,0.016446373,0.745420791
sp|Q9H2X9|S12A5_HUMAN,SLC12A5,R.EIQS.ITDESRGSIR.R,S955,0.048829482,0.739241689
sp|Q6DN90|IQEC1_HUMAN,IQSEC1,R.SALS.SSLR.D,S923,0.005579712,0.725637609
sp|O14683|P5I11_HUMAN,TP53I11,K.KHS.QTDLVSR.L,S14,0.018443128,0.718828677
tr|B4DTE0|B4DTE0_HUMAN,NA,K.SQS.LTNSLSTSDTSQR.G,S147,0.014384472,0.705322557
sp|P11137|MTAP2_HUMAN,MAP2,K.DGS.PEAPAS.PER.E,S1347;S1353,3.01191E-05,0.697266669
sp|Q8IYB3|SRRM1_HUMAN,SRRM1,R.QS.PSPSTRPIR.R,S713,0.004839423,0.693549435
sp|O15240|VGF_HUMAN,VGF,R.S.QEETPGHR.R,S420,0.001405454,0.676230268
sp|Q9NYI0|PSD3_HUMAN,PSD3,K.DHRPETPS.IK.Q,S1042,0.001898405,0.626375353
